01|pe_Page_001_Image_0002.png|Title|https://sanskrit-lexicon.uni-koeln.de/scans/csldev/csldoc/build/dictionaries/prefaces/pepref/pepref01.html
02|pe_Page_003_Image_0002.png|Foreword|https://sanskrit-lexicon.uni-koeln.de/scans/csldev/csldoc/build/dictionaries/prefaces/pepref/pepref02.html
03|pe_Page_005_Image_0002.png|Preface, 1|https://sanskrit-lexicon.uni-koeln.de/scans/csldev/csldoc/build/dictionaries/prefaces/pepref/pepref03.html
04|pe_Page_006_Image_0002.png|Preface, 2|https://sanskrit-lexicon.uni-koeln.de/scans/csldev/csldoc/build/dictionaries/prefaces/pepref/pepref04.html
05|pe_Page_907_Image_0002.png|Genealogy, 1|https://sanskrit-lexicon.uni-koeln.de/scans/csldev/csldoc/build/dictionaries/prefaces/pepref/pepref05.html
06|pe_Page_908_Image_0002.png|Genealogy, 2|https://sanskrit-lexicon.uni-koeln.de/scans/csldev/csldoc/build/dictionaries/prefaces/pepref/pepref06.html
07|pe_Page_909_Image_0002.png|Genealogy, 3|https://sanskrit-lexicon.uni-koeln.de/scans/csldev/csldoc/build/dictionaries/prefaces/pepref/pepref07.html
08|pe_Page_910_Image_0002.png|Genealogy, 4|https://sanskrit-lexicon.uni-koeln.de/scans/csldev/csldoc/build/dictionaries/prefaces/pepref/pepref08.html
09|pe_Page_911_Image_0002.png|Genealogy, 5|https://sanskrit-lexicon.uni-koeln.de/scans/csldev/csldoc/build/dictionaries/prefaces/pepref/pepref09.html
10|pe_Page_912_Image_0002.png|Genealogy, 6|https://sanskrit-lexicon.uni-koeln.de/scans/csldev/csldoc/build/dictionaries/prefaces/pepref/pepref10.html
11|pe_Page_913_Image_0002.png|Genealogy, 7|https://sanskrit-lexicon.uni-koeln.de/scans/csldev/csldoc/build/dictionaries/prefaces/pepref/pepref11.html
12|pe_Page_914_Image_0002.png|Genealogy, 8|https://sanskrit-lexicon.uni-koeln.de/scans/csldev/csldoc/build/dictionaries/prefaces/pepref/pepref12.html
13|pe_Page_915_Image_0002.png|Genealogy, 9|https://sanskrit-lexicon.uni-koeln.de/scans/csldev/csldoc/build/dictionaries/prefaces/pepref/pepref13.html
14|pe_Page_916_Image_0002.png|Genealogy, 10|https://sanskrit-lexicon.uni-koeln.de/scans/csldev/csldoc/build/dictionaries/prefaces/pepref/pepref14.html
15|pe_Page_917_Image_0002.png|Genealogy, 11|https://sanskrit-lexicon.uni-koeln.de/scans/csldev/csldoc/build/dictionaries/prefaces/pepref/pepref15.html
16|pe_Page_918_Image_0002.png|Genealogy, 12|https://sanskrit-lexicon.uni-koeln.de/scans/csldev/csldoc/build/dictionaries/prefaces/pepref/pepref16.html
17|pe_Page_919_Image_0002.png|Genealogy, 13|https://sanskrit-lexicon.uni-koeln.de/scans/csldev/csldoc/build/dictionaries/prefaces/pepref/pepref17.html
18|pe_Page_920_Image_0002.png|Genealogy, 14|https://sanskrit-lexicon.uni-koeln.de/scans/csldev/csldoc/build/dictionaries/prefaces/pepref/pepref18.html
19|pe_Page_921_Image_0002.png|Genealogy, 15|https://sanskrit-lexicon.uni-koeln.de/scans/csldev/csldoc/build/dictionaries/prefaces/pepref/pepref19.html
20|pe_Page_922_Image_0002.png|Genealogy, 16|https://sanskrit-lexicon.uni-koeln.de/scans/csldev/csldoc/build/dictionaries/prefaces/pepref/pepref20.html
21|pe_Page_923_Image_0002.png|Genealogy, 17|https://sanskrit-lexicon.uni-koeln.de/scans/csldev/csldoc/build/dictionaries/prefaces/pepref/pepref21.html
22|pe_Page_924_Image_0002.png|Genealogy, 18|https://sanskrit-lexicon.uni-koeln.de/scans/csldev/csldoc/build/dictionaries/prefaces/pepref/pepref22.html
23|pe_Page_925_Image_0002.png|Genealogy, 19|https://sanskrit-lexicon.uni-koeln.de/scans/csldev/csldoc/build/dictionaries/prefaces/pepref/pepref23.html
24|pe_Page_926_Image_0002.png|Genealogy, 20|https://sanskrit-lexicon.uni-koeln.de/scans/csldev/csldoc/build/dictionaries/prefaces/pepref/pepref24.html
25|pe_Page_927_Image_0002.png|Genealogy, 21|https://sanskrit-lexicon.uni-koeln.de/scans/csldev/csldoc/build/dictionaries/prefaces/pepref/pepref25.html
26|pe_Page_928_Image_0002.png|Genealogy, 22|https://sanskrit-lexicon.uni-koeln.de/scans/csldev/csldoc/build/dictionaries/prefaces/pepref/pepref26.html
